track,arm,domain,calls,strict_f1,normalized_f1,slot_name_f1,json_valid,schema_valid,new_unmentioned_slots,wrong_stated_values,correction_flag_values,local_horizon_corrections,local_corrections_preserving_other_prior_slots,full_state_after_correction,unknown_no_updates_valid,unknown_prior_state_retained_valid,median_ms,p95_ms
natural_component,revised,all,96,0.5787965616045845,0.670487106017192,0.7621776504297995,0.9791666666666666,0.90625,0,36,0.625,32,32,1.0,1.0,1.0,5464.249100001325,14629.519499998423
natural_component,revised,weather,24,0.6818181818181818,0.7272727272727273,0.7272727272727273,0.9583333333333334,0.875,0,4,0.75,8,8,1.0,1.0,1.0,5354.358299999149,14629.519499998423
natural_component,revised,inflation,24,0.38202247191011235,0.4943820224719101,0.5842696629213483,1.0,0.8333333333333334,0,11,0.5,8,8,1.0,1.0,1.0,5425.187000000733,13224.496999999246
natural_component,revised,stocks,24,0.7692307692307693,0.8351648351648352,0.945054945054945,1.0,1.0,0,8,0.75,8,8,1.0,1.0,1.0,5361.690499998076,15782.818399999087
natural_component,revised,crypto,24,0.4691358024691358,0.6172839506172839,0.7901234567901234,0.9583333333333334,0.9166666666666666,0,13,0.5,8,8,1.0,1.0,1.0,5508.608299998741,13793.234799999482
natural_component,schema_fixed,all,96,0.15432098765432098,0.24074074074074073,0.2654320987654321,0.9166666666666666,0.6979166666666666,0,29,0.5625,32,32,1.0,1.0,1.0,5550.84960000022,15348.941299998842
natural_component,schema_fixed,weather,24,0.11363636363636363,0.18181818181818182,0.18181818181818182,0.9583333333333334,0.6666666666666666,0,3,0.625,8,8,1.0,1.0,1.0,5529.883200000768,16064.750000001368
natural_component,schema_fixed,inflation,24,0.14285714285714285,0.2619047619047619,0.2857142857142857,0.9583333333333334,0.7083333333333334,0,11,0.375,8,8,1.0,1.0,1.0,5493.6185000005935,14290.729600001214
natural_component,schema_fixed,stocks,24,0.15789473684210525,0.21052631578947367,0.21052631578947367,0.875,0.6666666666666666,0,5,0.75,8,8,1.0,1.0,1.0,5741.159199998947,14450.23349999974
natural_component,schema_fixed,crypto,24,0.21052631578947367,0.3157894736842105,0.39473684210526316,0.875,0.75,0,10,0.5,8,8,1.0,1.0,1.0,5414.398499997333,14685.146899999381
natural_rollout,revised,all,96,0.6017191977077364,0.670487106017192,0.7621776504297995,0.9791666666666666,0.90625,0,32,0.75,32,32,0.25,1.0,1.0,5384.471699999267,14692.394700003206
natural_rollout,revised,weather,24,0.6818181818181818,0.7272727272727273,0.7272727272727273,0.9583333333333334,0.875,0,4,0.75,8,8,0.5,1.0,1.0,5386.604499999521,14651.056399998197
natural_rollout,revised,inflation,24,0.449438202247191,0.4943820224719101,0.5842696629213483,1.0,0.8333333333333334,0,8,0.875,8,8,0.125,1.0,1.0,5261.24069999787,13766.28559999881
natural_rollout,revised,stocks,24,0.7692307692307693,0.8351648351648352,0.945054945054945,1.0,1.0,0,8,0.75,8,8,0.25,1.0,1.0,5100.5100999973365,14692.394700003206
natural_rollout,revised,crypto,24,0.49382716049382713,0.6172839506172839,0.7901234567901234,0.9583333333333334,0.9166666666666666,0,12,0.625,8,8,0.125,1.0,1.0,5410.363800001505,15326.183900004253
natural_rollout,schema_fixed,all,96,0.22839506172839505,0.24074074074074073,0.2654320987654321,0.9166666666666666,0.6979166666666666,0,17,0.9375,32,32,0.0,1.0,1.0,5389.37199999782,16139.533800000208
natural_rollout,schema_fixed,weather,24,0.18181818181818182,0.18181818181818182,0.18181818181818182,0.9583333333333334,0.6666666666666666,0,0,1.0,8,8,0.0,1.0,1.0,5296.88520000127,15381.58669999757
natural_rollout,schema_fixed,inflation,24,0.23809523809523808,0.2619047619047619,0.2857142857142857,0.9583333333333334,0.7083333333333334,0,7,0.875,8,8,0.0,1.0,1.0,5491.333199999644,14499.32880000415
natural_rollout,schema_fixed,stocks,24,0.21052631578947367,0.21052631578947367,0.21052631578947367,0.875,0.6666666666666666,0,3,1.0,8,8,0.0,1.0,1.0,5391.572599997744,16179.091699996206
natural_rollout,schema_fixed,crypto,24,0.2894736842105263,0.3157894736842105,0.39473684210526316,0.875,0.75,0,7,0.875,8,8,0.0,1.0,1.0,5411.787500001083,16139.533800000208
