arm,track,domain,calls,strict_f1,slot_name_f1,slot_value_f1_without_status,json_valid,declared_schema_valid,parser_admitted,new_unmentioned_slots,correction_flag_values,full_state_after_correction,local_horizon_correct,local_horizon_preserves_other_prior,unknown_no_updates_valid,unknown_retains_prior_valid,latency_mean_s
v6,component,weather,21,0.5647058823529412,0.7142857142857143,0.5714285714285714,21,21,20,3,5,7,7,7,6,6,6.896014657142932
v6,component,inflation,24,0.4943820224719101,0.6741573033707865,0.4943820224719101,23,23,23,3,6,8,8,8,7,7,6.549342404166509
v6,component,stocks,24,0.4044943820224719,0.651685393258427,0.4044943820224719,23,23,23,4,7,8,8,8,7,7,6.94008751249991
v6,component,crypto,24,0.46808510638297873,0.7446808510638298,0.46808510638297873,24,24,24,3,4,8,8,8,7,7,6.9586938874999005
v6,rollout,weather,21,0.5647058823529412,0.7142857142857143,0.5714285714285714,21,21,20,3,5,0,7,7,6,6,6.967213585714056
v6,rollout,inflation,24,0.5393258426966292,0.6741573033707865,0.5393258426966292,23,23,23,3,8,0,8,8,7,7,6.232511212499958
v6,rollout,stocks,24,0.38202247191011235,0.651685393258427,0.38202247191011235,23,23,23,4,6,0,8,8,7,7,6.307327075000027
v6,rollout,crypto,24,0.5106382978723404,0.7446808510638298,0.5106382978723404,24,24,24,3,6,0,8,8,7,7,6.744781720833392
base,component,weather,21,0.0,0.0,0.0,20,3,3,18,0,0,0,0,0,0,9.468699304762032
base,component,inflation,24,0.0,0.1984732824427481,0.10687022900763359,23,8,8,20,0,0,0,0,0,0,9.484735479167133
base,component,stocks,24,0.0,0.0,0.0,22,1,1,19,0,0,0,0,0,0,11.212621937499762
base,component,crypto,24,0.0,0.0,0.0,23,2,2,26,0,0,0,0,0,0,10.498489775000053
base,rollout,weather,21,0.0,0.1320754716981132,0.0,21,7,7,23,0,0,2,2,0,0,7.38834064285679
base,rollout,inflation,24,0.0,0.3,0.11666666666666667,22,9,9,27,0,0,2,2,0,0,9.72947436666694
base,rollout,stocks,24,0.0,0.1322314049586777,0.0,24,9,9,25,0,0,2,2,0,0,7.4803845583336015
base,rollout,crypto,24,0.0,0.10687022900763359,0.0,24,9,9,29,0,0,2,2,0,0,8.304323370832966
v5,component,weather,21,0.5747126436781609,0.7816091954022989,0.5747126436781609,21,21,21,5,1,7,7,7,5,5,7.095672514285633
v5,component,inflation,24,0.35555555555555557,0.6666666666666666,0.35555555555555557,24,24,24,4,0,8,8,8,6,6,6.400994570834125
v5,component,stocks,24,0.33707865168539325,0.6292134831460674,0.33707865168539325,24,24,24,5,0,8,8,8,6,6,6.332393325000339
v5,component,crypto,24,0.4222222222222222,0.6666666666666666,0.4222222222222222,24,24,24,4,0,8,8,8,6,6,7.000880549999844
v5,rollout,weather,21,0.5747126436781609,0.7816091954022989,0.5747126436781609,21,21,21,5,1,0,7,7,5,5,7.228572685714642
v5,rollout,inflation,24,0.35555555555555557,0.6666666666666666,0.35555555555555557,24,24,24,4,0,0,8,8,6,6,6.273603175000214
v5,rollout,stocks,24,0.3595505617977528,0.6292134831460674,0.3595505617977528,24,24,24,5,1,0,7,7,6,6,6.408212895833155
v5,rollout,crypto,24,0.4222222222222222,0.6666666666666666,0.4222222222222222,24,24,24,4,0,0,7,7,6,6,6.555023999999473
