scenario_id,domain,review_priority,problem_target_boundary_decision,correction_status_decision,unknown_update_decision,evidence_decision,other_findings,reviewer,review_date,review_complete
natural-v6-20261005/stocks/06,stocks,63,,,,,,,,pending
natural-v6-20261005/inflation/06,inflation,59,,,,,,,,pending
natural-v6-20261005/crypto/03,crypto,53,,,,,,,,pending
natural-v6-20261005/weather/02,weather,53,,,,,,,,pending
natural-v6-20261005/stocks/08,stocks,52,,,,,,,,pending
natural-v6-20261005/crypto/06,crypto,50,,,,,,,,pending
natural-v6-20261005/inflation/07,inflation,50,,,,,,,,pending
natural-v6-20261005/stocks/03,stocks,49,,,,,,,,pending
natural-v6-20261005/crypto/01,crypto,48,,,,,,,,pending
natural-v6-20261005/inflation/04,inflation,48,,,,,,,,pending
natural-v6-20261005/stocks/07,stocks,48,,,,,,,,pending
natural-v6-20261005/crypto/04,crypto,45,,,,,,,,pending
natural-v6-20261005/stocks/01,stocks,45,,,,,,,,pending
natural-v6-20261005/stocks/02,stocks,42,,,,,,,,pending
natural-v6-20261005/inflation/02,inflation,41,,,,,,,,pending
natural-v6-20261005/inflation/05,inflation,41,,,,,,,,pending
natural-v6-20261005/stocks/04,stocks,41,,,,,,,,pending
natural-v6-20261005/crypto/08,crypto,40,,,,,,,,pending
natural-v6-20261005/inflation/01,inflation,40,,,,,,,,pending
natural-v6-20261005/weather/07,weather,40,,,,,,,,pending
natural-v6-20261005/crypto/02,crypto,39,,,,,,,,pending
natural-v6-20261005/weather/05,weather,39,,,,,,,,pending
natural-v6-20261005/weather/06,weather,39,,,,,,,,pending
natural-v6-20261005/crypto/07,crypto,38,,,,,,,,pending
natural-v6-20261005/inflation/08,inflation,38,,,,,,,,pending
natural-v6-20261005/stocks/05,stocks,37,,,,,,,,pending
natural-v6-20261005/weather/08,weather,37,,,,,,,,pending
natural-v6-20261005/crypto/05,crypto,36,,,,,,,,pending
natural-v6-20261005/inflation/03,inflation,33,,,,,,,,pending
natural-v6-20261005/weather/01,weather,32,,,,,,,,pending
natural-v6-20261005/weather/04,weather,28,,,,,,,,pending
