at_utc,step,epoch,loss,eval_loss,train_loss,grad_norm,learning_rate,entropy,eval_entropy,mean_token_accuracy,eval_mean_token_accuracy,num_tokens,eval_num_tokens,train_runtime,eval_runtime
2026-10-03T11:55:32.468771+00:00,5,0.013793103448275862,0.18129439353942872,,,0.7750078439712524,4.99962550531651e-05,0.16944067026488482,,0.9512558862566948,,166018.0,,,
2026-10-03T12:00:21.402571+00:00,10,0.027586206896551724,0.04265775382518768,,,0.43445661664009094,4.9981043129535704e-05,0.06370841850875877,,0.9877135910093784,,331272.0,,,
2026-10-03T12:05:13.291748+00:00,15,0.041379310344827586,0.04689326882362366,,,0.16048847138881683,4.9954137285336714e-05,0.030833853874355555,,0.9893150389194488,,497230.0,,,
2026-10-03T12:09:47.432217+00:00,20,0.05517241379310345,0.015646038949489592,,,0.5531622767448425,4.9915550115510734e-05,0.01688140789337922,,0.9942965522408486,,652701.0,,,
2026-10-03T12:14:05.460221+00:00,25,0.06896551724137931,0.00565858818590641,,,0.32217758893966675,4.986529968316653e-05,0.012169472966343164,,0.9985852085053921,,795327.0,,,
2026-10-03T12:18:56.398504+00:00,30,0.08275862068965517,0.007813382893800735,,,0.15381164848804474,4.9803409511123454e-05,0.00887476643838454,,0.9976031929254532,,960905.0,,,
2026-10-03T12:23:39.866325+00:00,35,0.09655172413793103,0.002918875217437744,,,0.07261968404054642,4.9729908570900106e-05,0.007086267924751155,,0.9989944733679295,,1120660.0,,,
2026-10-03T12:28:23.138396+00:00,40,0.1103448275862069,0.0020608089864253996,,,0.13022363185882568,4.964483126915245e-05,0.005629049089475302,,0.9992504477500915,,1282133.0,,,
2026-10-03T12:32:49.687837+00:00,45,0.12413793103448276,0.0013760637491941452,,,0.060458481311798096,4.9548217431567665e-05,0.003932342708139913,,0.999823272973299,,1432620.0,,,
2026-10-03T12:37:35.005173+00:00,50,0.13793103448275862,0.0013711181469261645,,,0.14003951847553253,4.9440112284221256e-05,0.003311597498759511,,0.999752689898014,,1593257.0,,,
2026-10-03T12:42:25.016900+00:00,55,0.15172413793103448,0.009338055551052094,,,0.031955089420080185,4.932056643240618e-05,0.012694392685443746,,0.9975972890853881,,1757357.0,,,
2026-10-03T12:46:50.194638+00:00,60,0.16551724137931034,0.0007372251246124506,,,0.016160283237695694,4.918963583694396e-05,0.00198437584695057,,0.9998459160327912,,1906123.0,,,
2026-10-03T12:51:34.174437+00:00,65,0.1793103448275862,0.0008644967339932919,,,0.30220022797584534,4.904738178798869e-05,0.001532043344923295,,0.9997876353561879,,2065465.0,,,
2026-10-03T12:55:59.565070+00:00,70,0.19310344827586207,0.0011767037212848663,,,0.06099002808332443,4.889387087633647e-05,0.0025115830241702495,,0.9998570449650288,,2212354.0,,,
2026-10-03T13:00:31.690963+00:00,75,0.20689655172413793,0.0008710333146154881,,,0.07594884186983109,4.8729174962253446e-05,0.0012117604394006776,,0.9998356118798256,,2363856.0,,,
2026-10-03T13:05:36.820827+00:00,80,0.2206896551724138,0.0005296580027788877,,,0.04112158343195915,4.855337114183711e-05,0.0011603374732658267,,0.999877329915762,,2539137.0,,,
2026-10-03T13:10:24.547490+00:00,85,0.23448275862068965,0.0011461755260825158,,,0.006221742369234562,4.8366541710926825e-05,0.004742044232807529,,0.9999614253640174,,2703523.0,,,
2026-10-03T13:15:32.835455+00:00,90,0.2482758620689655,0.0004367608577013016,,,0.04840899258852005,4.8168774126580076e-05,0.0011227799846892593,,0.9999087959527969,,2882843.0,,,
2026-10-03T13:20:17.007912+00:00,95,0.2620689655172414,0.00014628467615693808,,,0.0041825417429208755,4.796016096613282e-05,0.0007443197583597794,,0.999961793422699,,3043729.0,,,
2026-10-03T13:25:18.424318+00:00,100,0.27586206896551724,0.0003553624963387847,,,0.019609445706009865,4.774079988386296e-05,0.00106060653070017,,0.9999404191970825,,3216206.0,,,
2026-10-03T13:30:28.344201+00:00,105,0.2896551724137931,0.00029850907158106564,,,0.019874345511198044,4.751079356527722e-05,0.0009558715536513773,,0.9999172702431679,,3396190.0,,,
2026-10-03T13:35:18.827235+00:00,110,0.30344827586206896,0.00029212578665465115,,,0.031163258478045464,4.727024967904284e-05,0.00137225717662659,,0.9999760992825031,,3563294.0,,,
2026-10-03T13:40:08.230068+00:00,115,0.31724137931034485,0.0006293641403317451,,,0.002547064097598195,4.7019280826586606e-05,0.0009530108496619505,,0.9997644767165184,,3729550.0,,,
2026-10-03T13:44:52.689501+00:00,120,0.3310344827586207,0.0002067874651402235,,,0.03351231664419174,4.675800448938482e-05,0.0006692534384455939,,0.9999264128506183,,3892349.0,,,
2026-10-03T13:49:24.093537+00:00,125,0.3448275862068966,0.0004923530388623476,,,0.017138661816716194,4.648654297396878e-05,0.0007765674326037697,,0.9998345643281936,,4043886.0,,,
2026-10-03T13:54:39.927003+00:00,130,0.3586206896551724,0.0003131670178845525,,,0.014723901636898518,4.620502335467174e-05,0.0008448791576938675,,0.9999288931488991,,4227585.0,,,
2026-10-03T13:59:18.846345+00:00,135,0.3724137931034483,0.00018495157128199934,,,0.010524576529860497,4.5913577414143814e-05,0.0009921142432176566,,0.9999856814742089,,4384261.0,,,
2026-10-03T14:04:03.172895+00:00,140,0.38620689655172413,0.00041243149898946286,,,0.03394089266657829,4.561234158166306e-05,0.0006904663636760234,,0.9999121442437172,,4547040.0,,,
2026-10-03T14:08:31.016063+00:00,145,0.4,8.83321394212544e-05,,,0.002449525985866785,4.5301456869271255e-05,0.000533393757586964,,1.0,,4695803.0,,,
2026-10-03T14:13:30.943951+00:00,150,0.41379310344827586,0.00014927895972505212,,,0.014864403754472733,4.498106880576455e-05,0.0005376928620080435,,0.9999594159424305,,4870010.0,,,
2026-10-03T14:18:22.091907+00:00,155,0.42758620689655175,0.0004224637523293495,,,0.18807832896709442,4.465132736856969e-05,0.0006052238127267628,,0.9998260766267777,,5036447.0,,,
2026-10-03T14:23:24.340986+00:00,160,0.4413793103448276,0.00018222222570329905,,,0.06551617383956909,4.431238691353784e-05,0.0006948214758267568,,0.9999631270766258,,5208380.0,,,
2026-10-03T14:28:06.625930+00:00,165,0.45517241379310347,0.004524984210729599,,,0.004871544428169727,4.396440610268876e-05,0.0005700289601918484,,0.9995754189789295,,5366934.0,,,
2026-10-03T14:33:04.332100+00:00,170,0.4689655172413793,0.0006262391805648803,,,0.18661747872829437,4.3607547829939295e-05,0.0014240518333281215,,0.9998536512255669,,5538147.0,,,
2026-10-03T14:38:04.657704+00:00,175,0.4827586206896552,0.0007074142806231976,,,0.04266326129436493,4.324197914485075e-05,0.0030411386223931913,,0.9999329164624214,,5705854.0,,,
2026-10-03T14:42:57.406642+00:00,180,0.496551724137931,0.0003227110486477613,,,0.008997729979455471,4.2867871174431085e-05,0.0016928118930081837,,1.0,,5871824.0,,,
2026-10-03T14:48:03.307622+00:00,185,0.5103448275862069,0.00033866954036057,,,0.01006247103214264,4.248539904302829e-05,0.0016824700134748128,,1.0,,6047297.0,,,
2026-10-03T14:52:51.325004+00:00,190,0.5241379310344828,0.00022087199613451958,,,0.004468363244086504,4.2094741790352675e-05,0.0011559655556084181,,0.9999756813049316,,6210962.0,,,
2026-10-03T14:57:36.797799+00:00,195,0.5379310344827586,0.00016510143177583814,,,0.021725455299019814,4.169608228766622e-05,0.0009199224933581718,,1.0,,6372892.0,,,
2026-10-03T15:02:21.001014+00:00,200,0.5517241379310345,0.00029657799750566484,,,0.006016346160322428,4.128960715217839e-05,0.0008555993039408349,,0.9999438345432281,,6533949.0,,,
2026-10-03T15:07:23.010222+00:00,205,0.5655172413793104,0.0002504275413230062,,,0.0022111276630312204,4.0875506659688465e-05,0.000961001912401116,,0.9999677002429962,,6707823.0,,,
2026-10-03T15:12:12.927635+00:00,210,0.5793103448275863,0.0001472669537179172,,,0.05378211662173271,4.045397465551513e-05,0.0007359128706411866,,0.9999642297625542,,6873357.0,,,
2026-10-03T15:16:54.434904+00:00,215,0.593103448275862,0.00011956907110288739,,,0.005880884360522032,4.0025208463755275e-05,0.0007526540409344307,,1.0,,7033539.0,,,
2026-10-03T15:21:44.565440+00:00,220,0.6068965517241379,0.00016305673634633421,,,0.006260856054723263,3.958940879491418e-05,0.0005085095685899432,,0.9999777182936669,,7198308.0,,,
2026-10-03T15:26:08.412805+00:00,225,0.6206896551724138,5.068395403213799e-05,,,0.0014658219879493117,3.9146779651950626e-05,0.00044100317236370754,,1.0,,7346272.0,,,
2026-10-03T15:31:06.278777+00:00,230,0.6344827586206897,8.221507887355984e-05,,,0.01657591387629509,3.869752823478068e-05,0.0005691433114861866,,1.0,,7516932.0,,,
2026-10-03T15:35:45.984962+00:00,235,0.6482758620689655,0.00012461128644645215,,,0.0010369174415245652,3.824186484328497e-05,0.000465682677759105,,0.9999553568661212,,7674388.0,,,
2026-10-03T15:40:45.071870+00:00,240,0.6620689655172414,9.93319321423769e-05,,,0.002414044691249728,3.778000277886483e-05,0.0004735016700124106,,0.9999846056103706,,7844213.0,,,
2026-10-03T15:45:39.986147+00:00,245,0.6758620689655173,4.6817853581160306e-05,,,0.0014252570690587163,3.7312158244593445e-05,0.0004217901343054109,,1.0,,8013306.0,,,
2026-10-03T15:50:35.191190+00:00,250,0.6896551724137931,0.00026524148415774107,,,0.005322372540831566,3.6838550244008576e-05,0.0004423517402301513,,0.9999711982905864,,8181344.0,,,
2026-10-03T15:55:25.880678+00:00,255,0.7034482758620689,5.863142432644963e-05,,,0.0016177749494090676,3.6359400478594475e-05,0.0004423196694915532,,1.0,,8348321.0,,,
2026-10-03T15:59:40.052091+00:00,260,0.7172413793103448,5.122924339957535e-05,,,0.004339608363807201,3.5874933244000805e-05,0.0004497048314988206,,1.0,,8489482.0,,,
2026-10-03T22:54:58.760431+00:00,265,0.7310344827586207,4.483372322283685e-05,,,0.005808298941701651,3.5385375325047166e-05,0.0004106862549178913,,1.0,,173477.0,,,
2026-10-03T23:00:06.094084+00:00,270,0.7448275862068966,4.61876014014706e-05,,,0.000830220989882946,3.489095588956249e-05,0.00038251579112511533,,1.0,,348213.0,,,
2026-10-03T23:04:50.226349+00:00,275,0.7586206896551724,4.7546450514346364e-05,,,0.04665781557559967,3.439190638110888e-05,0.00034729874905679024,,1.0,,511311.0,,,
2026-10-03T23:09:42.731083+00:00,280,0.7724137931034483,5.3030578419566156e-05,,,0.00415058946236968,3.388846041064012e-05,0.0003625023340191547,,1.0,,681063.0,,,
2026-10-03T23:14:49.914789+00:00,285,0.7862068965517242,0.00013962280936539174,,,0.0007362362812273204,3.338085364714566e-05,0.00033257876020797994,,0.9999378107488155,,859352.0,,,
2026-10-03T23:19:41.627566+00:00,290,0.8,0.00026464967522770165,,,0.0011040521785616875,3.2869323707331177e-05,0.00047536200950162313,,0.9999611802399159,,1029811.0,,,
2026-10-03T23:24:43.141695+00:00,295,0.8137931034482758,5.6581455282866955e-05,,,0.0006314589409157634,3.235411004438741e-05,0.0003430326105444692,,1.0,,1205492.0,,,
2026-10-03T23:29:10.500777+00:00,300,0.8275862068965517,9.751677280291914e-05,,,0.019719447940587997,3.183545383589928e-05,0.0003635405895238364,,0.9999711982905864,,1357462.0,,,
2026-10-03T23:34:08.032370+00:00,305,0.8413793103448276,9.752279729582369e-05,,,0.005336389411240816,3.131359787094782e-05,0.0004415498646267224,,0.9999663069844246,,1531578.0,,,
2026-10-03T23:39:06.372184+00:00,310,0.8551724137931035,0.00013720139395445585,,,0.0077072251588106155,3.078878643645778e-05,0.0004119304269352142,,0.9999854989349842,,1705536.0,,,
2026-10-03T23:43:40.031570+00:00,315,0.8689655172413793,3.181285865139216e-05,,,0.0005962958675809205,3.026126520284402e-05,0.0002994520941228984,,1.0,,1863751.0,,,
2026-10-03T23:48:30.527219+00:00,320,0.8827586206896552,3.485982888378203e-05,,,0.0013899554032832384,2.9731281109010256e-05,0.0003292350438186986,,1.0,,2035119.0,,,
2026-10-03T23:53:19.045123+00:00,325,0.896551724137931,4.876785387750715e-05,,,0.0005460732500068843,2.9199082246754122e-05,0.00036230572663953353,,1.0,,2203682.0,,,
2026-10-03T23:57:57.687811+00:00,330,0.9103448275862069,3.348853206261992e-05,,,0.0017730563413351774,2.8664917744632424e-05,0.00029547664507845184,,1.0,,2365916.0,,,
2026-10-04T00:02:43.528825+00:00,335,0.9241379310344827,0.0005165777169167995,,,0.004231125582009554,2.812903765134115e-05,0.0004549798168682173,,0.9998456791043282,,2531383.0,,,
2026-10-04T00:07:18.981359+00:00,340,0.9379310344827586,3.841595025733113e-05,,,0.0025217346847057343,2.7591692818664723e-05,0.0003119424660781078,,1.0,,2692205.0,,,
2026-10-04T00:12:07.521959+00:00,345,0.9517241379310345,0.0007396649569272995,,,0.5004590749740601,2.7053134784049315e-05,0.0003048517522529437,,0.9998820751905442,,2859192.0,,,
2026-10-04T00:17:10.600421+00:00,350,0.9655172413793104,0.0022470442578196525,,,0.0031111896969377995,2.651361565285525e-05,0.0004541991344012786,,0.9998579546809196,,3039195.0,,,
2026-10-04T00:22:15.716424+00:00,355,0.9793103448275862,6.874239770695567e-05,,,0.015643874183297157,2.5973387980343443e-05,0.00040694656199775637,,1.0,,3216068.0,,,
2026-10-04T00:26:38.590259+00:00,360,0.993103448275862,6.492713000625372e-05,,,0.0015997372101992369,2.543270465345138e-05,0.00043638368188112506,,1.0,,3365801.0,,,
2026-10-04T00:44:22.373134+00:00,363,1.0,,0.000744799617677927,,,,,0.0007756303982161004,,0.9998409719535664,,3446439.0,,924.2421
2026-10-04T00:46:15.598067+00:00,365,1.0055172413793103,0.00020274692215025425,,,0.04397636651992798,2.4891818772413702e-05,0.0004476814321302906,,0.9999634499351183,,3511738.0,,,
2026-10-04T00:51:06.523950+00:00,370,1.0193103448275862,0.00014808063860982656,,,0.00625365786254406,2.4350983532283047e-05,0.0004788167502738361,,0.9999760538339615,,3680580.0,,,
2026-10-04T00:55:40.860548+00:00,375,1.033103448275862,0.0001934679225087166,,,0.006003616377711296,2.3810452104406444e-05,0.00047791662109375466,,0.9998711340129376,,3839206.0,,,
2026-10-04T01:00:18.504607+00:00,380,1.046896551724138,0.00013273028889670968,,,0.0028844974003732204,2.3270477517912838e-05,0.0005097259501326334,,1.0,,3998296.0,,,
2026-10-04T01:05:11.737633+00:00,385,1.0606896551724139,7.874874863773584e-05,,,0.020770063623785973,2.2731312541267145e-05,0.0005365594136037544,,1.0,,4169447.0,,,
2026-10-04T01:09:46.147072+00:00,390,1.0744827586206895,7.258986588567495e-05,,,0.0016138562932610512,2.2193209563946385e-05,0.000525316655421193,,1.0,,4327384.0,,,
2026-10-04T01:14:14.704049+00:00,395,1.0882758620689654,4.922268562950194e-05,,,0.0015150775434449315,2.1656420478293182e-05,0.00041112564090326484,,1.0,,4481680.0,,,
2026-10-04T01:19:01.889282+00:00,400,1.1020689655172413,4.4870152487419544e-05,,,0.008846954442560673,2.1121196561601993e-05,0.00039462341674152414,,1.0,,4648490.0,,,
2026-10-04T01:23:52.984213+00:00,405,1.1158620689655172,4.018995387014002e-05,,,0.0024591090623289347,2.0587788358493237e-05,0.0003616554985910625,,1.0,,4816481.0,,,
2026-10-04T01:28:50.648235+00:00,410,1.129655172413793,5.401282687671483e-05,,,0.002425356302410364,2.0056445563630424e-05,0.00041603291688261377,,1.0,,4991720.0,,,
2026-10-04T01:33:16.077193+00:00,415,1.143448275862069,3.9412654587067664e-05,,,0.003429365810006857,1.9527416904835132e-05,0.00033532935935909336,,1.0,,5142144.0,,,
2026-10-04T01:38:13.361106+00:00,420,1.1572413793103449,5.0485634710639714e-05,,,0.05363462492823601,1.9000950026654592e-05,0.0003941090306852857,,1.0,,5315991.0,,,
2026-10-04T01:42:52.557072+00:00,425,1.1710344827586208,3.5310417297296225e-05,,,0.003146523842588067,1.847729137443634e-05,0.0003180321130912489,,1.0,,5475045.0,,,
2026-10-04T01:47:27.367993+00:00,430,1.1848275862068967,0.00033073395024985075,,,0.004677208140492439,1.795668607896426e-05,0.0005023472177526856,,0.9998437501490116,,5634933.0,,,
2026-10-04T01:52:14.726522+00:00,435,1.1986206896551723,4.479116178117693e-05,,,0.0016077138716354966,1.7439377841709974e-05,0.00033731501939655574,,1.0,,5800355.0,,,
2026-10-04T01:56:58.516945+00:00,440,1.2124137931034482,3.6457806709222494e-05,,,0.0010278528789058328,1.6925608820753328e-05,0.0003294851643204311,,1.0,,5965094.0,,,
2026-10-04T02:01:51.646708+00:00,445,1.226206896551724,3.6944285966455936e-05,,,0.0009630369022488594,1.6415619517425296e-05,0.0003240059399104211,,1.0,,6135062.0,,,
2026-10-04T02:06:37.253060+00:00,450,1.24,3.4015459823422135e-05,,,0.001007041078992188,1.5909648663726522e-05,0.00031725149965495804,,1.0,,6301336.0,,,
2026-10-04T02:11:25.780966+00:00,455,1.2537931034482759,4.1460600914433596e-05,,,0.0013506811810657382,1.5407933110574048e-05,0.00039703778852526737,,1.0,,6467706.0,,,
2026-10-04T02:16:00.239907+00:00,460,1.2675862068965518,2.7248170226812363e-05,,,0.0028046597726643085,1.4910707716928587e-05,0.0002764276533525845,,1.0,,6625960.0,,,
2026-10-04T02:20:20.253526+00:00,465,1.2813793103448277,3.333314380142838e-05,,,0.0006281132227741182,1.4418205239854314e-05,0.00033103677001236067,,1.0,,6772287.0,,,
2026-10-04T02:25:03.721012+00:00,470,1.2951724137931033,3.4848676295951006e-05,,,0.0008797402260825038,1.3930656225562475e-05,0.00030244136164583326,,1.0,,6937589.0,,,
2026-10-04T02:29:26.821813+00:00,475,1.3089655172413792,2.6983785210177304e-05,,,0.0005853584734722972,1.3448288901490095e-05,0.0002677024718195753,,1.0,,7089109.0,,,
2026-10-04T02:34:09.629049+00:00,480,1.322758620689655,4.734763351734728e-05,,,0.0024979549925774336,1.2971329069463934e-05,0.00029254914034027024,,1.0,,7250594.0,,,
2026-10-04T02:38:32.691560+00:00,485,1.336551724137931,2.486120501998812e-05,,,0.001251204521395266,1.2500000000000006e-05,0.0002522004397633282,,1.0,,7399685.0,,,
2026-10-04T02:43:28.139473+00:00,490,1.3503448275862069,2.5012626429088415e-05,,,0.002954932162538171,1.203452232778807e-05,0.0002483807100361446,,1.0,,7570752.0,,,
2026-10-04T02:48:11.873139+00:00,495,1.3641379310344828,6.823077565059066e-05,,,0.0022690517362207174,1.1575113948409892e-05,0.0002967310394978995,,0.9999689742922783,,7733883.0,,,
2026-10-04T02:52:48.411698+00:00,500,1.3779310344827587,2.9423588421195747e-05,,,0.0019417700823396444,1.1121989916339756e-05,0.00026522216967350687,,1.0,,7894165.0,,,
2026-10-04T02:57:31.918423+00:00,505,1.3917241379310346,2.701768826227635e-05,,,0.0008441769750788808,1.0675362344274953e-05,0.000264401653657842,,1.0,,8056997.0,,,
2026-10-04T03:02:15.257088+00:00,510,1.4055172413793104,3.38358775479719e-05,,,0.0007850881665945053,1.0235440303843301e-05,0.000338585697227245,,1.0,,8222292.0,,,
2026-10-04T03:06:51.596270+00:00,515,1.4193103448275863,3.081241447944194e-05,,,0.0006322122062556446,9.802429727734295e-06,0.000279459698822393,,1.0,,8378546.0,,,
2026-10-04T03:11:43.436167+00:00,520,1.433103448275862,2.921244886238128e-05,,,0.0022593699395656586,9.376533313299543e-06,0.0002775250323338696,,1.0,,8550285.0,,,
2026-10-04T03:16:29.942362+00:00,525,1.446896551724138,3.087711811531335e-05,,,0.0005977650871500373,8.957950427667753e-06,0.00030807179823568733,,1.0,,8714508.0,,,
2026-10-04T03:21:10.236152+00:00,530,1.4606896551724138,9.616674506105483e-05,,,0.0011662692995741963,8.546877014418672e-06,0.0002801354140046897,,0.9999673627316952,,8877546.0,,,
2026-10-04T03:26:01.991910+00:00,535,1.4744827586206897,2.3660689475946128e-05,,,0.002344698179513216,8.143505501859555e-06,0.00023836658083382646,,1.0,,9046116.0,,,
2026-10-04T03:31:00.757852+00:00,540,1.4882758620689656,2.6794846053235234e-05,,,0.002701020101085305,7.748024712947205e-06,0.0002616080456846248,,1.0,,9221312.0,,,
2026-10-04T03:35:58.630584+00:00,545,1.5020689655172412,3.2509243465028706e-05,,,0.0027841704431921244,7.360619776897742e-06,0.0002782803404898004,,1.0,,9396004.0,,,
2026-10-04T03:41:06.427124+00:00,550,1.5158620689655171,3.1895801657810805e-05,,,0.003475623670965433,6.981472042525416e-06,0.00029613166047965934,,1.0,,9578361.0,,,
2026-10-04T03:46:03.818261+00:00,555,1.529655172413793,2.834346960298717e-05,,,0.0007846781518310308,6.610758993351124e-06,0.00027247960306340244,,1.0,,9751634.0,,,
2026-10-04T03:50:19.334277+00:00,560,1.543448275862069,2.4227413814514875e-05,,,0.001271126326173544,6.24865416452024e-06,0.00023102708096303103,,1.0,,9894415.0,,,
2026-10-04T03:54:58.699614+00:00,565,1.5572413793103448,2.4999980814754964e-05,,,0.0018075265688821673,5.895327061568776e-06,0.0002326050120700529,,1.0,,10053182.0,,,
2026-10-04T03:59:45.746207+00:00,570,1.5710344827586207,2.874357160180807e-05,,,0.0036281051579862833,5.550943081075882e-06,0.0002653201973771502,,1.0,,10219907.0,,,
2026-10-04T04:04:19.961523+00:00,575,1.5848275862068966,2.213460538769141e-05,,,0.0016076060710474849,5.215663433239729e-06,0.00022790190851083026,,1.0,,10378437.0,,,
2026-10-04T04:09:07.367136+00:00,580,1.5986206896551725,2.3892390890978278e-05,,,0.0008015303174033761,4.889645066413112e-06,0.00024017540295062645,,1.0,,10546407.0,,,
2026-10-04T04:13:42.809733+00:00,585,1.6124137931034483,2.5566885597072542e-05,,,0.002566259354352951,4.5730405936340925e-06,0.00024536747132515303,,1.0,,10706038.0,,,
2026-10-04T04:18:36.418017+00:00,590,1.6262068965517242,3.239319194108248e-05,,,0.0004199512186460197,4.265998221186024e-06,0.0002588250228200195,,1.0,,10877802.0,,,
2026-10-04T04:23:26.254216+00:00,595,1.6400000000000001,3.420361317694187e-05,,,0.0016563066747039557,3.968661679220468e-06,0.000300310141983573,,1.0,,11047213.0,,,
2026-10-04T04:28:14.687146+00:00,600,1.653793103448276,2.0597048569470643e-05,,,0.0008477270603179932,3.6811701544753913e-06,0.00022045172086109232,,1.0,,11215651.0,,,
2026-10-04T04:33:11.947916+00:00,605,1.6675862068965517,2.1131333778612315e-05,,,0.0007192355114966631,3.4036582251202127e-06,0.0002185420502883062,,1.0,,11386582.0,,,
2026-10-04T04:37:58.805982+00:00,610,1.6813793103448276,2.92044976959005e-05,,,0.0018887276528403163,3.1362557977582004e-06,0.00028499942000053123,,1.0,,11552050.0,,,
2026-10-04T04:42:49.963431+00:00,615,1.6951724137931035,3.4366082400083545e-05,,,0.01751079596579075,2.8790880466156466e-06,0.000266030391003369,,1.0,,11721078.0,,,
2026-10-04T04:47:24.170548+00:00,620,1.7089655172413794,2.5061311316676437e-05,,,0.001847700448706746,2.6322753549463424e-06,0.00023853978741499303,,1.0,,11877978.0,,,
2026-10-04T04:52:15.436352+00:00,625,1.722758620689655,7.103110547177494e-05,,,0.0004000347398687154,2.3959332586787452e-06,0.0003043645586785715,,0.9999663069844246,,12046279.0,,,
2026-10-04T04:57:15.530797+00:00,630,1.736551724137931,3.408062329981476e-05,,,0.005289208609610796,2.1701723923322675e-06,0.0003064550212911854,,1.0,,12221746.0,,,
2026-10-04T05:01:44.165629+00:00,635,1.7503448275862068,2.8743737493641676e-05,,,0.00023862600210122764,1.955098437227948e-06,0.00026163439397350883,,1.0,,12374725.0,,,
2026-10-04T05:06:22.547701+00:00,640,1.7641379310344827,1.9198654626961797e-05,,,0.0003778149257414043,1.7508120720177794e-06,0.00020706787436211015,,1.0,,12534848.0,,,
2026-10-04T05:10:47.186230+00:00,645,1.7779310344827586,2.0416680490598084e-05,,,0.0007116496562957764,1.557408925555831e-06,0.00020383996461532662,,1.0,,12683811.0,,,
2026-10-04T05:15:47.656053+00:00,650,1.7917241379310345,2.633796539157629e-05,,,0.0008309873519465327,1.3749795321332887e-06,0.0002536708069328597,,1.0,,12858976.0,,,
2026-10-04T05:20:36.596175+00:00,655,1.8055172413793104,2.5600724620744585e-05,,,0.0010430485708639026,1.2036092890982619e-06,0.0002645955540629075,,1.0,,13026930.0,,,
2026-10-04T05:25:27.819254+00:00,660,1.8193103448275862,5.541755817830563e-05,,,0.01782064326107502,1.0433784168802808e-06,0.0003159566484100651,,1.0,,13195616.0,,,
2026-10-04T05:30:11.339139+00:00,665,1.8331034482758621,2.0588512415997685e-05,,,0.0005277388845570385,8.943619214381777e-07,0.00021986471806485498,,1.0,,13358251.0,,,
2026-10-04T05:34:52.695006+00:00,670,1.846896551724138,2.6409252313897014e-05,,,0.001263023354113102,7.566295591489053e-07,0.0002640801119014213,,1.0,,13522525.0,,,
2026-10-04T05:39:24.102152+00:00,675,1.860689655172414,2.116793766617775e-05,,,0.0017700272146612406,6.302458041537617e-07,0.00021550968635892788,,1.0,,13677354.0,,,
2026-10-04T05:44:25.401453+00:00,680,1.8744827586206898,2.3806827084627002e-05,,,0.0009466510964557528,5.152698181772859e-07,0.00025098769579017243,,1.0,,13853902.0,,,
2026-10-04T05:49:29.098686+00:00,685,1.8882758620689655,4.5059595140628514e-05,,,0.0006425930769182742,4.1175542283294064e-07,0.0002463117403749493,,0.9999851189553738,,14030247.0,,,
2026-10-04T05:54:04.316577+00:00,690,1.9020689655172414,2.4423262220807374e-05,,,0.0008282672497443855,3.197510744286064e-07,0.0002493491553195781,,1.0,,14187527.0,,,
2026-10-04T05:58:51.867386+00:00,695,1.9158620689655173,2.1805557480547577e-05,,,0.001029241131618619,2.3929984128359673e-07,0.00023183835551208177,,1.0,,14353033.0,,,
2026-10-04T06:03:46.732287+00:00,700,1.9296551724137931,3.124467039015144e-05,,,0.002941194921731949,1.704393835678747e-07,0.00029903398535680026,,1.0,,14524872.0,,,
2026-10-04T06:08:49.516363+00:00,705,1.9434482758620688,2.4152937112376093e-05,,,0.00043509676470421255,1.1320193567288529e-07,0.00024578577135798697,,1.0,,14701952.0,,,
2026-10-04T06:13:41.273299+00:00,710,1.9572413793103447,2.5286799063906075e-05,,,0.0007096136687323451,6.761429112225325e-08,0.0002496552531283669,,1.0,,14871147.0,,,
2026-10-04T06:18:24.477163+00:00,715,1.9710344827586206,2.2553667076863348e-05,,,0.0003478749131318182,3.369779002942442e-08,0.0002334825359412207,,1.0,,15031451.0,,,
2026-10-04T06:23:01.903044+00:00,720,1.9848275862068965,1.93612024304457e-05,,,0.0005324679659679532,1.1468309108100816e-08,0.00020584823482749925,,1.0,,15189836.0,,,
2026-10-04T06:27:59.901276+00:00,725,1.9986206896551724,2.801537048071623e-05,,,0.0009020225261338055,9.36254240166412e-10,0.00027622920597423215,,1.0,,15365873.0,,,
2026-10-04T06:44:01.952632+00:00,726,2.0,,6.398998812073842e-05,,,,,0.00033743016594304186,,0.9999930703059635,,15382360.0,,932.3098
2026-10-04T06:44:01.978367+00:00,726,2.0,,,5.611654203114922e-05,,,,,,,,,28441.3742,
2026-10-04T06:59:35.494089+00:00,726,2.0,,6.398998812073842e-05,,,,,0.00033743016594304186,,0.9999930703059635,,15382360.0,,933.4879
